year,make,model,price,mileage,color,url,body_type
2013,Toyota,Corolla,7495,183600,Other,https://www.carpages.ca/used-cars/quebec/vaudreuil-dorion/2013-toyota-corolla-13299776/,Sedan
2016,Chrysler,200,8500,160871,black,https://www.carpages.ca/used-cars/ontario/etobicoke/2016-chrysler-200-13299770/,Sedan
2015,Hyundai,Sonata,12998,111924,white,https://www.carpages.ca/used-cars/british-columbia/surrey/2015-hyundai-sonata-13299767/,Sedan
2014,Toyota,Corolla,14995,66170,white,https://www.carpages.ca/used-cars/ontario/waterloo/2014-toyota-corolla-13299740/,Sedan
2022,Hyundai,Elantra,24450,39000,black,https://www.carpages.ca/used-cars/ontario/toronto/2022-hyundai-elantra-13299731/,Sedan
2012,Volkswagen,Jetta,8495,113150,white,https://www.carpages.ca/used-cars/ontario/ottawa/2012-volkswagen-jetta-13299698/,Sedan
2011,Mazda,MAZDA3,6495,170555,blue,https://www.carpages.ca/used-cars/ontario/waterloo/2011-mazda-mazda3-13299692/,Sedan
2007,Toyota,Camry,6495,227000,blue,https://www.carpages.ca/used-cars/ontario/mono/2007-toyota-camry-13299677/,Sedan
2013,Nissan,Sentra,5888,189305,black,https://www.carpages.ca/used-cars/ontario/north-york/2013-nissan-sentra-13299512/,Sedan
2015,Cadillac,CTS,18995,78900,red,https://www.carpages.ca/used-cars/ontario/barrie/2015-cadillac-cts-13299500/,Sedan
2014,Chevrolet,Cruze,9499,89000,black,https://www.carpages.ca/used-cars/ontario/brantford/2014-chevrolet-cruze-13299446/,Sedan
2015,Chevrolet,Cruze,9499,95000,brown,https://www.carpages.ca/used-cars/ontario/brantford/2015-chevrolet-cruze-13299437/,Sedan
2018,Hyundai,Elantra,9999,182100,white,https://www.carpages.ca/used-cars/ontario/st-catharines/2018-hyundai-elantra-13299419/,Sedan
2018,Hyundai,Elantra,9999,124311,white,https://www.carpages.ca/used-cars/ontario/ajax/2018-hyundai-elantra-13299407/,Sedan
2016,Chevrolet,Cruze,6499,202698,black,https://www.carpages.ca/used-cars/ontario/ajax/2016-chevrolet-cruze-13299335/,Sedan
2012,Chevrolet,Cruze,5999,234446,black,https://www.carpages.ca/used-cars/ontario/ajax/2012-chevrolet-cruze-13299332/,Sedan
2024,Tesla,Model,40999,40047,gray,https://www.carpages.ca/used-cars/british-columbia/abbotsford/2024-tesla-model-3-13299284/,Sedan
2023,Subaru,WRX,27988,26282,Other,https://www.carpages.ca/used-cars/alberta/calgary/2023-subaru-wrx-13299209/,Sedan
2017,Nissan,Sentra,11995,111333,blue,https://www.carpages.ca/used-cars/british-columbia/richmond/2017-nissan-sentra-13299074/,Sedan
2020,Hyundai,Elantra,15995,90513,black,https://www.carpages.ca/used-cars/british-columbia/richmond/2020-hyundai-elantra-13299068/,Sedan
2011,Mazda,MAZDA3,9995,172281,gray,https://www.carpages.ca/used-cars/british-columbia/richmond/2011-mazda-mazda3-13299071/,Sedan
2015,Mercedes-Benz,C-Class,21995,106400,black,https://www.carpages.ca/used-cars/ontario/ottawa/2015-mercedes-benz-c-class-13298858/,Sedan
2013,Hyundai,Elantra,6995,187621,blue,https://www.carpages.ca/used-cars/ontario/london/2013-hyundai-elantra-gt-13298807/,Sedan
2018,Mercedes-Benz,CLA-Class,18895,112488,white,https://www.carpages.ca/used-cars/ontario/scarborough/2018-mercedes-benz-cla-class-13298783/,Sedan
2017,Cadillac,CT6,18900,180000,white,https://www.carpages.ca/used-cars/ontario/toronto/2017-cadillac-ct6-13298720/,Sedan
2021,Honda,Civic,25495,12962,red,https://www.carpages.ca/used-cars/ontario/ottawa/2021-honda-civic-13298702/,Sedan
2018,Chrysler,300,24900,114042,white,https://www.carpages.ca/used-cars/alberta/edmonton/2018-chrysler-300-13298699/,Sedan
2019,Toyota,Corolla,18999,111300,white,https://www.carpages.ca/used-cars/ontario/welland/2019-toyota-corolla-13298657/,Sedan
2014,Honda,Civic,3422,363224,unknown,https://www.carpages.ca/used-cars/ontario/north-bay/2014-honda-civic-13298408/,Sedan
2013,Ford,Focus,2622,200476,unknown,https://www.carpages.ca/used-cars/ontario/long-sault/2013-ford-focus-13298390/,Sedan
2023,Infiniti,Q50,38998,30292,black,https://www.carpages.ca/used-cars/alberta/calgary/2023-infiniti-q50-13298351/,Sedan
2016,Chevrolet,Cruze,5200,129000,white,https://www.carpages.ca/used-cars/ontario/mississauga/2016-chevrolet-cruze-13298123/,Sedan
2013,Hyundai,Elantra,4990,181000,black,https://www.carpages.ca/used-cars/ontario/mississauga/2013-hyundai-elantra-13298117/,Sedan
2021,Dodge,Charger,32995,53004,black,https://www.carpages.ca/used-cars/british-columbia/richmond/2021-dodge-charger-13298114/,Sedan
2018,Hyundai,Sonata,12995,167595,black,https://www.carpages.ca/used-cars/british-columbia/richmond/2018-hyundai-sonata-13298111/,Sedan
2015,Chevrolet,Malibu,9988,165322,silver,https://www.carpages.ca/used-cars/ontario/st-catharines/2015-chevrolet-malibu-13298048/,Sedan
2020,Jeep,Gladiator,37995,73000,gobi,https://www.carpages.ca/used-cars/ontario/london/2020-jeep-gladiator-13297955/,Sedan
2021,Kia,Soul,18567,62182,white,https://www.carpages.ca/used-cars/ontario/ottawa/2021-kia-soul-13297937/,Sedan
2020,Volkswagen,Atlas,28757,69521,blue,https://www.carpages.ca/used-cars/ontario/ottawa/2020-volkswagen-atlas-13297934/,Sedan
2022,Toyota,Corolla,19997,115055,gray,https://www.carpages.ca/used-cars/ontario/ottawa/2022-toyota-corolla-13297928/,Sedan
2005,Chrysler,300,4900,128360,cool,https://www.carpages.ca/used-cars/ontario/mississauga/2005-chrysler-300-13297904/,Sedan
2019,Volkswagen,Jetta,14899,182237,white,https://www.carpages.ca/used-cars/ontario/whitby/2019-volkswagen-jetta-13297889/,Sedan
2023,Audi,A6,45900,28748,gray,https://www.carpages.ca/used-cars/ontario/vaughan/2023-audi-a6-sedan-13297769/,Sedan
2022,BMW,3,49900,66203,gray,https://www.carpages.ca/used-cars/ontario/vaughan/2022-bmw-3-series-13297760/,Sedan
2021,Mercedes-Benz,S-Class,94900,74765,black,https://www.carpages.ca/used-cars/ontario/vaughan/2021-mercedes-benz-s-class-13297754/,Sedan
2022,Tesla,Model,26995,116089,Other,https://www.carpages.ca/used-cars/british-columbia/coquitlam/2022-tesla-model-3-13297718/,Sedan
2018,Mercedes-Benz,C-Class,29995,37648,white,https://www.carpages.ca/used-cars/british-columbia/coquitlam/2018-mercedes-benz-c-class-13297712/,Sedan
2019,Hyundai,Elantra,14480,99578,gray,https://www.carpages.ca/used-cars/quebec/saint-hubert/2019-hyundai-elantra-13297706/,Sedan
2024,Kia,Carnival,44980,45633,black,https://www.carpages.ca/used-cars/quebec/saint-hubert/2024-kia-carnival-13297688/,Sedan
2013,Toyota,Corolla,14995,49842,silver,https://www.carpages.ca/used-cars/ontario/london/2013-toyota-corolla-13297673/,Sedan
2015,Honda,Civic,12995,169982,black,https://www.carpages.ca/used-cars/ontario/london/2015-honda-civic-13297670/,Sedan
2018,BMW,3,24991,54465,silver,https://www.carpages.ca/used-cars/manitoba/winnipeg/2018-bmw-3-series-13297658/,Sedan
2019,Subaru,BRZ,24991,71858,black,https://www.carpages.ca/used-cars/manitoba/winnipeg/2019-subaru-brz-13297652/,Sedan
2016,Chevrolet,Malibu,15991,70535,blue,https://www.carpages.ca/used-cars/manitoba/winnipeg/2016-chevrolet-malibu-13297655/,Sedan
2026,Hyundai,Sonata,39286,50,white,https://www.carpages.ca/new-cars/british-columbia/surrey/2026-hyundai-sonata-13297550/,Sedan
2015,Chevrolet,Volt,8995,142656,black,https://www.carpages.ca/used-cars/ontario/london/2015-chevrolet-volt-13297331/,Sedan
2012,Hyundai,Sonata,7495,138991,gray,https://www.carpages.ca/used-cars/ontario/london/2012-hyundai-sonata-13297298/,Sedan
2026,Hyundai,Elantra,35798,26,white,https://www.carpages.ca/new-cars/manitoba/winnipeg/2026-hyundai-elantra-hybrid-13297211/,Sedan
2026,Hyundai,Sonata,40823,26,gray,https://www.carpages.ca/new-cars/manitoba/winnipeg/2026-hyundai-sonata-13297205/,Sedan
2026,Hyundai,Elantra,36048,26,gray,https://www.carpages.ca/new-cars/manitoba/winnipeg/2026-hyundai-elantra-hybrid-13297196/,Sedan
2026,Hyundai,Elantra,36048,26,black,https://www.carpages.ca/new-cars/manitoba/winnipeg/2026-hyundai-elantra-hybrid-13297193/,Sedan
2026,Hyundai,Elantra,31548,26,black,https://www.carpages.ca/new-cars/manitoba/winnipeg/2026-hyundai-elantra-13297190/,Sedan
2026,Hyundai,Elantra,29348,26,red,https://www.carpages.ca/new-cars/manitoba/winnipeg/2026-hyundai-elantra-13297187/,Sedan
2026,Hyundai,Elantra,29348,26,gray,https://www.carpages.ca/new-cars/manitoba/winnipeg/2026-hyundai-elantra-13297184/,Sedan
2026,Hyundai,Elantra,29348,26,black,https://www.carpages.ca/new-cars/manitoba/winnipeg/2026-hyundai-elantra-13297181/,Sedan
2026,Hyundai,Elantra,29348,26,black,https://www.carpages.ca/new-cars/manitoba/winnipeg/2026-hyundai-elantra-13297178/,Sedan
2020,Tesla,Model,30000,67260,white,https://www.carpages.ca/used-cars/alberta/calgary/2020-tesla-model-3-13297157/,Sedan
2007,Toyota,Camry,1500,219978,silver,https://www.carpages.ca/used-cars/alberta/calgary/2007-toyota-camry-13297148/,Sedan
2008,Mercury,Grand,11999,106845,black,https://www.carpages.ca/used-cars/ontario/toronto/2008-mercury-grand-marquis-13297127/,Sedan
2010,Toyota,Corolla,10998,146036,gold,https://www.carpages.ca/used-cars/british-columbia/langley/2010-toyota-corolla-13297118/,Sedan
2012,Honda,Civic,10998,160611,gray,https://www.carpages.ca/used-cars/british-columbia/langley/2012-honda-civic-13297097/,Sedan
2017,Hyundai,Elantra,14500,82618,blue,https://www.carpages.ca/used-cars/alberta/edmonton/2017-hyundai-elantra-13297085/,Sedan
2015,Hyundai,Elantra,7499,192523,black,https://www.carpages.ca/used-cars/ontario/cobourg/2015-hyundai-elantra-13297082/,Sedan
2014,Ford,Focus,7999,102060,silver,https://www.carpages.ca/used-cars/ontario/cobourg/2014-ford-focus-13297079/,Sedan
2014,Mazda,MAZDA3,9900,173000,white,https://www.carpages.ca/used-cars/ontario/toronto/2014-mazda-mazda3-13297076/,Sedan
2016,Honda,Civic,15490,122100,black,https://www.carpages.ca/used-cars/ontario/scarborough/2016-honda-civic-13297058/,Sedan
2015,Hyundai,Elantra,7499,192523,black,https://www.carpages.ca/used-cars/ontario/cobourg/2015-hyundai-elantra-13297049/,Sedan
2014,Ford,Focus,7999,102060,silver,https://www.carpages.ca/used-cars/ontario/cobourg/2014-ford-focus-13297046/,Sedan
2020,Subaru,WRX,27995,122881,gray,https://www.carpages.ca/used-cars/ontario/newmarket/2020-subaru-wrx-13296998/,Sedan
2020,Toyota,Corolla,21998,65190,blue,https://www.carpages.ca/used-cars/ontario/ottawa/2020-toyota-corolla-13296770/,Sedan
2018,Kia,Stinger,25995,124000,black,https://www.carpages.ca/used-cars/ontario/oakville/2018-kia-stinger-13296725/,Sedan
2012,Mercedes-Benz,C-Class,14995,137000,white,https://www.carpages.ca/used-cars/ontario/oakville/2012-mercedes-benz-c-class-13296701/,Sedan
2013,Mazda,MAZDA3,4995,217000,white,https://www.carpages.ca/used-cars/ontario/scarborough/2013-mazda-mazda3-13296695/,Sedan
2013,Lexus,ES,18991,97000,black,https://www.carpages.ca/used-cars/ontario/london/2013-lexus-es-350-13296689/,Sedan
2021,Hyundai,Elantra,16999,105000,black,https://www.carpages.ca/used-cars/ontario/london/2021-hyundai-elantra-13296656/,Sedan
2023,Tesla,Model,33500,50850,silver,https://www.carpages.ca/used-cars/ontario/richmond-hill/2023-tesla-model-3-13296653/,Sedan
2017,Hyundai,Elantra,9999,155000,Other,https://www.carpages.ca/used-cars/nova-scotia/truro/2017-hyundai-elantra-13296644/,Sedan
2014,Chevrolet,Sonic,2500,325353,red,https://www.carpages.ca/used-cars/ontario/kitchener/2014-chevrolet-sonic-13296629/,Sedan
2014,Chevrolet,Sonic,2500,325353,red,https://www.carpages.ca/used-cars/ontario/st-catharines/2014-chevrolet-sonic-13296620/,Sedan
2022,Honda,Civic,21499,111000,white,https://www.carpages.ca/used-cars/ontario/london/2022-honda-civic-13296617/,Sedan
2017,BMW,X1,16999,116000,white,https://www.carpages.ca/used-cars/ontario/barrie/2017-bmw-x1-13296608/,Sedan
2021,Subaru,WRX,35999,87000,black,https://www.carpages.ca/used-cars/ontario/barrie/2021-subaru-wrx-13296602/,Sedan
2018,Toyota,C-HR,17999,121000,black,https://www.carpages.ca/used-cars/ontario/barrie/2018-toyota-c-hr-13296599/,Sedan
2018,Toyota,Corolla,16999,128000,silver,https://www.carpages.ca/used-cars/ontario/london/2018-toyota-corolla-13296575/,Sedan
2014,Cadillac,XTS,13990,168635,white,https://www.carpages.ca/used-cars/ontario/st-catharines/2014-cadillac-xts-13296557/,Sedan
2017,Chevrolet,Cruze,11700,123252,black,https://www.carpages.ca/used-cars/ontario/cobourg/2017-chevrolet-cruze-13296545/,Sedan
2023,Nissan,Sentra,24499,33000,white,https://www.carpages.ca/used-cars/ontario/london/2023-nissan-sentra-13296542/,Sedan
2018,Honda,Accord,23499,0,Other,https://www.carpages.ca/used-cars/ontario/windsor/2018-honda-accord-13296539/,Sedan
2024,Nissan,Sentra,23999,19000,white,https://www.carpages.ca/used-cars/ontario/windsor/2024-nissan-sentra-13296533/,Sedan
2017,Alfa,Romeo,12999,103901,blue,https://www.carpages.ca/used-cars/british-columbia/abbotsford/2017-alfa-romeo-giulia-13296398/,Sedan
2016,Lexus,IS,21998,180060,obsidian,https://www.carpages.ca/used-cars/british-columbia/surrey/2016-lexus-is-350-13296335/,Sedan
2016,Toyota,Corolla,13999,189945,slate,https://www.carpages.ca/used-cars/british-columbia/surrey/2016-toyota-corolla-13296305/,Sedan
2019,Honda,Civic,21988,129902,Other,https://www.carpages.ca/used-cars/alberta/calgary/2019-honda-civic-13296284/,Sedan
2019,Mercedes-Benz,A-Class,24988,105897,Other,https://www.carpages.ca/used-cars/alberta/calgary/2019-mercedes-benz-a-class-13296281/,Sedan
2022,Honda,Civic,23995,114452,white,https://www.carpages.ca/used-cars/nova-scotia/halifax/2022-honda-civic-13296278/,Sedan
2017,Hyundai,Elantra,9998,150709,red,https://www.carpages.ca/used-cars/ontario/nepean/2017-hyundai-elantra-13296239/,Sedan
2018,Audi,A3,14998,139254,white,https://www.carpages.ca/used-cars/ontario/north-york/2018-audi-a3-13296203/,Sedan
2021,Kia,Forte,16995,91000,white,https://www.carpages.ca/used-cars/british-columbia/surrey/2021-kia-forte-13296191/,Sedan
2022,Tesla,Model,28488,63000,white,https://www.carpages.ca/used-cars/ontario/oakville/2022-tesla-model-3-13296152/,Sedan
2020,Volkswagen,Passat,21495,132782,white,https://www.carpages.ca/used-cars/ontario/north-bay/2020-volkswagen-passat-13296098/,Sedan
2016,Buick,Verano,9977,175633,black,https://www.carpages.ca/used-cars/nova-scotia/hebbville/2016-buick-verano-13296095/,Sedan
2023,Chevrolet,Malibu,21995,80252,white,https://www.carpages.ca/used-cars/ontario/kingston/2023-chevrolet-malibu-13296089/,Sedan
2023,Hyundai,Elantra,21617,98029,noir,https://www.carpages.ca/used-cars/quebec/quebec/2023-hyundai-elantra-13295990/,Sedan
2022,Nissan,Sentra,18117,100523,blanc,https://www.carpages.ca/used-cars/quebec/quebec/2022-nissan-sentra-13295987/,Sedan
2011,Ford,Fiesta,2522,265782,unknown,https://www.carpages.ca/used-cars/ontario/north-bay/2011-ford-fiesta-13295817/,Sedan
2012,Honda,Civic,2200,333164,s√©lectionnez,https://www.carpages.ca/used-cars/quebec/laval/2012-honda-civic-13295811/,Sedan
2008,Mazda,MAZDA3,2950,138561,blue,https://www.carpages.ca/used-cars/ontario/ottawa/2008-mazda-mazda3-13295805/,Sedan
2020,Cadillac,CT4,38915,58494,shadow,https://www.carpages.ca/used-cars/saskatchewan/regina/2020-cadillac-ct4-13295787/,Sedan
2021,Volkswagen,Jetta,25988,69596,gray,https://www.carpages.ca/used-cars/ontario/guelph/2021-volkswagen-jetta-13295730/,Sedan
2024,Nissan,Altima,28990,23273,Other,https://www.carpages.ca/used-cars/nova-scotia/halifax/2024-nissan-altima-13295586/,Sedan
2018,Chevrolet,Sonic,14888,138100,gray,https://www.carpages.ca/used-cars/ontario/kanata/2018-chevrolet-sonic-13295297/,Sedan
2015,Acura,TLX,14500,145084,black,https://www.carpages.ca/used-cars/ontario/st-catharines/2015-acura-tlx-13295195/,Sedan
2012,Hyundai,Elantra,4720,196000,brown,https://www.carpages.ca/used-cars/ontario/mississauga/2012-hyundai-elantra-13295144/,Sedan
2014,Chevrolet,Cruze,3920,201000,silver,https://www.carpages.ca/used-cars/ontario/mississauga/2014-chevrolet-cruze-13295147/,Sedan
2024,Toyota,Sienna,54223,30388,silver,https://www.carpages.ca/used-cars/ontario/ottawa/2024-toyota-sienna-13295033/,Sedan
2025,Volkswagen,Jetta,29922,2079,gray,https://www.carpages.ca/used-cars/ontario/ottawa/2025-volkswagen-jetta-13295027/,Sedan
2014,Toyota,Yaris,12455,147682,black,https://www.carpages.ca/used-cars/ontario/ottawa/2014-toyota-yaris-13295030/,Sedan
2020,Toyota,Corolla,20977,112329,black,https://www.carpages.ca/used-cars/ontario/ottawa/2020-toyota-corolla-13295021/,Sedan
2018,Toyota,Camry,24980,42850,blue,https://www.carpages.ca/used-cars/quebec/saint-hubert/2018-toyota-camry-13294964/,Sedan
2018,Acura,TLX,22980,127778,red,https://www.carpages.ca/used-cars/quebec/saint-hubert/2018-acura-tlx-13294958/,Sedan
2025,Lexus,NX,71585,39644,gray,https://www.carpages.ca/used-cars/british-columbia/north-vancouver/2025-lexus-nx-450h-13294943/,Sedan
2008,Maserati,GranTurismo,33900,67761,white,https://www.carpages.ca/used-cars/ontario/vaughan/2008-maserati-granturismo-13294937/,Sedan
2018,Toyota,Corolla,14947,155036,white,https://www.carpages.ca/used-cars/british-columbia/abbotsford/2018-toyota-corolla-13294916/,Sedan
2018,Mazda,MAZDA3,9999,198765,blue,https://www.carpages.ca/used-cars/ontario/maple/2018-mazda-mazda3-13294898/,Sedan
2010,Nissan,Altima,7500,157112,black,https://www.carpages.ca/used-cars/british-columbia/burnaby/2010-nissan-altima-13294892/,Sedan
2026,Hyundai,Elantra,28061,50,gray,https://www.carpages.ca/new-cars/british-columbia/north-vancouver/2026-hyundai-elantra-13294829/,Sedan
2026,Hyundai,Elantra,35361,20,gray,https://www.carpages.ca/new-cars/british-columbia/port-coquitlam/2026-hyundai-elantra-13294805/,Sedan
2023,Subaru,WRX,32499,24000,white,https://www.carpages.ca/used-cars/ontario/london/2023-subaru-wrx-13294490/,Sedan
2023,Kia,Forte,21495,80882,blue,https://www.carpages.ca/used-cars/ontario/kingston/2023-kia-forte-13294478/,Sedan
2020,Toyota,Corolla,17989,222721,blue,https://www.carpages.ca/used-cars/ontario/cambridge/2020-toyota-corolla-13294436/,Sedan
2024,Honda,Civic,29989,62644,white,https://www.carpages.ca/used-cars/ontario/cambridge/2024-honda-civic-13294430/,Sedan
2021,Toyota,Corolla,29998,8032,gray,https://www.carpages.ca/used-cars/ontario/ottawa/2021-toyota-corolla-13294427/,Sedan
2020,Ford,Fusion,17995,0,gray,https://www.carpages.ca/used-cars/ontario/tilbury/2020-ford-fusion-13294400/,Sedan
2022,Hyundai,Elantra,22991,50798,electric,https://www.carpages.ca/used-cars/manitoba/winnipeg/2022-hyundai-elantra-hybrid-13294235/,Sedan
2022,Volvo,S60,43988,47362,gray,https://www.carpages.ca/used-cars/manitoba/winnipeg/2022-volvo-s60-13294229/,Sedan
2018,Mazda,MAZDA3,7500,203427,black,https://www.carpages.ca/used-cars/alberta/calgary/2018-mazda-mazda3-13294103/,Sedan
2017,Chevrolet,Cruze,5000,126458,red,https://www.carpages.ca/used-cars/alberta/calgary/2017-chevrolet-cruze-13294100/,Sedan
2015,Ford,Focus,1500,164537,gold,https://www.carpages.ca/used-cars/alberta/calgary/2015-ford-focus-13294079/,Sedan
2013,Mercedes-Benz,C-Class,7000,131100,white,https://www.carpages.ca/used-cars/alberta/calgary/2013-mercedes-benz-c-class-c300-13294067/,Sedan
2018,Chevrolet,Cruze,3000,130062,white,https://www.carpages.ca/used-cars/alberta/calgary/2018-chevrolet-cruze-13294064/,Sedan
2017,Ford,Focus,4500,67309,gray,https://www.carpages.ca/used-cars/alberta/calgary/2017-ford-focus-13294043/,Sedan
2020,Nissan,Sentra,12000,99603,black,https://www.carpages.ca/used-cars/alberta/calgary/2020-nissan-sentra-13294019/,Sedan
2020,Kia,Sorento,15800,119522,white,https://www.carpages.ca/used-cars/alberta/calgary/2020-kia-sorento-13294010/,Sedan
2018,Chevrolet,Cruze,4000,196932,white,https://www.carpages.ca/used-cars/alberta/calgary/2018-chevrolet-cruze-13294004/,Sedan
2008,Ford,Taurus,2450,199219,white,https://www.carpages.ca/used-cars/alberta/calgary/2008-ford-taurus-13293920/,Sedan
2012,Volkswagen,Jetta,2950,151728,white,https://www.carpages.ca/used-cars/alberta/calgary/2012-volkswagen-jetta-13293917/,Sedan
2007,Dodge,Caliber,1500,142316,gold,https://www.carpages.ca/used-cars/alberta/calgary/2007-dodge-caliber-13293908/,Sedan
2011,Mercedes-Benz,C-Class,9900,114652,black,https://www.carpages.ca/used-cars/alberta/calgary/2011-mercedes-benz-c-class-c300-13293878/,Sedan
2014,Nissan,Sentra,1500,115467,silver,https://www.carpages.ca/used-cars/alberta/calgary/2014-nissan-sentra-13293860/,Sedan
2009,Lincoln,MKS,4450,237000,black,https://www.carpages.ca/used-cars/alberta/calgary/2009-lincoln-mks-13293839/,Sedan
2013,Volkswagen,Passat,3000,207516,black,https://www.carpages.ca/used-cars/alberta/calgary/2013-volkswagen-passat-13293806/,Sedan
2010,Mercedes-Benz,B200,2000,163767,white,https://www.carpages.ca/used-cars/alberta/calgary/2010-mercedes-benz-b200-13293788/,Sedan
2015,Ford,Taurus,7400,222120,white,https://www.carpages.ca/used-cars/alberta/calgary/2015-ford-taurus-13293779/,Sedan
2000,Acura,EL,1500,139012,black,https://www.carpages.ca/used-cars/alberta/calgary/2000-acura-el-13293764/,Sedan
2011,Audi,A4,1650,171405,brown,https://www.carpages.ca/used-cars/alberta/calgary/2011-audi-a4-13293761/,Sedan
2009,Infiniti,G37,1950,139783,blue,https://www.carpages.ca/used-cars/alberta/calgary/2009-infiniti-g37-13293752/,Sedan
2017,Audi,A4,9900,197312,white,https://www.carpages.ca/used-cars/alberta/calgary/2017-audi-a4-13293716/,Sedan
2007,Ford,Fusion,3950,74487,maroon,https://www.carpages.ca/used-cars/alberta/calgary/2007-ford-fusion-13293698/,Sedan
1992,Toyota,Camry,1250,547997,silver,https://www.carpages.ca/used-cars/alberta/calgary/1992-toyota-camry-13293680/,Sedan
2012,Volkswagen,Passat,2500,194673,black,https://www.carpages.ca/used-cars/alberta/calgary/2012-volkswagen-passat-13293656/,Sedan
2017,Ford,Taurus,8500,180247,gray,https://www.carpages.ca/used-cars/ontario/toronto/2017-ford-taurus-13293641/,Sedan
2014,Ford,Fiesta,7495,143000,white,https://www.carpages.ca/used-cars/ontario/oshawa/2014-ford-fiesta-13293605/,Sedan
2020,Kia,Forte,12999,86000,gray,https://www.carpages.ca/used-cars/ontario/london/2020-kia-forte-13293563/,Sedan
2021,Acura,TLX,23995,130734,white,https://www.carpages.ca/used-cars/ontario/london/2021-acura-tlx-13293491/,Sedan
2017,Chevrolet,Cruze,8299,212000,Other,https://www.carpages.ca/used-cars/nova-scotia/truro/2017-chevrolet-cruze-13293488/,Sedan
2004,Toyota,Camry,5890,243595,red,https://www.carpages.ca/used-cars/ontario/woodbridge/2004-toyota-camry-13293461/,Sedan
2024,Hyundai,Sonata,31950,12844,gray,https://www.carpages.ca/used-cars/ontario/mississauga/2024-hyundai-sonata-13293455/,Sedan
2014,Hyundai,Elantra,9995,105994,beige,https://www.carpages.ca/used-cars/ontario/oakville/2014-hyundai-elantra-13293419/,Sedan
2016,BMW,3,17850,72812,gray,https://www.carpages.ca/used-cars/ontario/oakville/2016-bmw-3-series-13293410/,Sedan
2015,Lexus,IS,18995,142846,black,https://www.carpages.ca/used-cars/ontario/ottawa/2015-lexus-is-250-13293407/,Sedan
2013,Chevrolet,Sonic,4999,133700,gray,https://www.carpages.ca/used-cars/ontario/ajax/2013-chevrolet-sonic-13293404/,Sedan
2015,Ford,Focus,6995,179511,brown,https://www.carpages.ca/used-cars/ontario/hamilton/2015-ford-focus-13293398/,Sedan
2021,Hyundai,Sonata,21995,137429,Other,https://www.carpages.ca/used-cars/ontario/london/2021-hyundai-sonata-13293395/,Sedan
2023,Mercedes-Benz,C-Class,42900,73500,black,https://www.carpages.ca/used-cars/ontario/brampton/2023-mercedes-benz-c-class-13293278/,Sedan
2015,Nissan,Versa,9999,83000,silver,https://www.carpages.ca/used-cars/ontario/rockwood/2015-nissan-versa-note-13293272/,Sedan
2017,Audi,S3,17888,179270,black,https://www.carpages.ca/used-cars/ontario/oakville/2017-audi-s3-13293239/,Sedan
2019,Hyundai,Elantra,18989,114466,silver,https://www.carpages.ca/used-cars/ontario/cambridge/2019-hyundai-elantra-13293083/,Sedan
2022,Toyota,Corolla,21998,111230,white,https://www.carpages.ca/used-cars/ontario/ottawa/2022-toyota-corolla-13293050/,Sedan
2025,Toyota,Camry,51099,16050,white,https://www.carpages.ca/used-cars/saskatchewan/regina/2025-toyota-camry-13292996/,Sedan
2023,Dodge,Charger,31995,67000,black,https://www.carpages.ca/used-cars/ontario/kemptville/2023-dodge-charger-13292951/,Sedan
2016,Ford,Focus,28199,6,black,https://www.carpages.ca/new-cars/ontario/caledonia/2016-ford-focus-13292882/,Sedan
2016,Honda,Civic,5871,384558,black,https://www.carpages.ca/used-cars/ontario/ottawa/2016-honda-civic-13292648/,Sedan
2022,Honda,Civic,21900,165434,gray,https://www.carpages.ca/used-cars/ontario/brampton/2022-honda-civic-13292573/,Sedan
2018,Audi,S4,23495,140910,gray,https://www.carpages.ca/used-cars/quebec/vaudreuil-dorion/2018-audi-s4-13292558/,Sedan
2018,Hyundai,Elantra,8990,220088,blue,https://www.carpages.ca/used-cars/ontario/scarborough/2018-hyundai-elantra-13292546/,Sedan
2017,Hyundai,IONIQ,6900,276030,gray,https://www.carpages.ca/used-cars/ontario/cobourg/2017-hyundai-ioniq-13292543/,Sedan
2016,Mazda,CX-3,13995,144275,Other,https://www.carpages.ca/used-cars/ontario/cambridge/2016-mazda-cx-3-13292513/,Sedan
2013,Ford,Focus,6499,126750,gray,https://www.carpages.ca/used-cars/ontario/st-catharines/2013-ford-focus-13292360/,Sedan
2015,Chevrolet,Cruze,9900,81820,blue,https://www.carpages.ca/used-cars/ontario/cobourg/2015-chevrolet-cruze-13292357/,Sedan
2020,Nissan,Sentra,14795,101563,gray,https://www.carpages.ca/used-cars/ontario/cayuga/2020-nissan-sentra-13292282/,Sedan
2022,Honda,Civic,21995,114301,black,https://www.carpages.ca/used-cars/ontario/cayuga/2022-honda-civic-13292237/,Sedan
2018,Mercedes-Benz,C-Class,20895,124181,white,https://www.carpages.ca/used-cars/ontario/scarborough/2018-mercedes-benz-c-class-13292192/,Sedan
2017,Chevrolet,Cruze,11988,132306,Other,https://www.carpages.ca/used-cars/alberta/calgary/2017-chevrolet-cruze-13292105/,Sedan
2019,Toyota,Avalon,26988,166547,Other,https://www.carpages.ca/used-cars/alberta/calgary/2019-toyota-avalon-13292099/,Sedan
2015,Ford,Fusion,8990,233271,gray,https://www.carpages.ca/used-cars/saskatchewan/regina/2015-ford-fusion-13292051/,Sedan
2016,Mercedes-Benz,S-Class,29444,89500,black,https://www.carpages.ca/used-cars/ontario/hamilton/2016-mercedes-benz-s-class-13292042/,Sedan
2024,Hyundai,Elantra,26464,29693,white,https://www.carpages.ca/used-cars/ontario/kitchener/2024-hyundai-elantra-13292027/,Sedan
2019,Honda,Civic,17563,144005,white,https://www.carpages.ca/used-cars/ontario/kitchener/2019-honda-civic-13292024/,Sedan
2023,Subaru,WRX,31964,42397,blue,https://www.carpages.ca/used-cars/ontario/kitchener/2023-subaru-wrx-13292018/,Sedan
2023,Subaru,WRX,33463,36557,black,https://www.carpages.ca/used-cars/ontario/kitchener/2023-subaru-wrx-13292006/,Sedan
2023,Subaru,WRX,31964,51449,blue,https://www.carpages.ca/used-cars/ontario/kitchener/2023-subaru-wrx-13292009/,Sedan
2021,Toyota,Camry,29964,71300,gray,https://www.carpages.ca/used-cars/ontario/kitchener/2021-toyota-camry-13292000/,Sedan
2022,Honda,Accord,30499,31631,white,https://www.carpages.ca/used-cars/ontario/welland/2022-honda-accord-13291907/,Sedan
2019,Toyota,Corolla,19999,89717,gray,https://www.carpages.ca/used-cars/ontario/welland/2019-toyota-corolla-13291904/,Sedan
2020,Kia,Soul,12999,172875,orange,https://www.carpages.ca/used-cars/ontario/kitchener/2020-kia-soul-13291859/,Sedan
2026,Honda,Civic,35477,30,gray,https://www.carpages.ca/new-cars/british-columbia/port-moody/2026-honda-civic-13291640/,Sedan
2026,Honda,Civic,35477,30,black,https://www.carpages.ca/new-cars/british-columbia/port-moody/2026-honda-civic-13291622/,Sedan
2012,Audi,A4,9995,108000,black,https://www.carpages.ca/used-cars/ontario/madoc/2012-audi-a4-13291523/,Sedan
2022,Mercedes-Benz,E-Class,50989,52303,black,https://www.carpages.ca/used-cars/ontario/thornhill/2022-mercedes-benz-e-class-13291448/,Sedan
2026,Honda,Civic,30814,6,white,https://www.carpages.ca/new-cars/newfoundland-and-labrador/st-john-s/2026-honda-civic-13291313/,Sedan
2015,Kia,Rio,6595,167047,red,https://www.carpages.ca/used-cars/prince-edward-island/charlottetown/2015-kia-rio-13291148/,Sedan
2014,Chevrolet,Cruze,4200,181000,red,https://www.carpages.ca/used-cars/ontario/mississauga/2014-chevrolet-cruze-13290854/,Sedan
2019,Chevrolet,Malibu,17988,107689,black,https://www.carpages.ca/used-cars/ontario/st-catharines/2019-chevrolet-malibu-13290809/,Sedan
2016,Volkswagen,Passat,10999,193721,black,https://www.carpages.ca/used-cars/ontario/waterdown/2016-volkswagen-passat-13290791/,Sedan
2023,Audi,A3,28878,65752,white,https://www.carpages.ca/used-cars/ontario/ottawa/2023-audi-a3-13290770/,Sedan
2017,Toyota,Sienna,26995,190000,black,https://www.carpages.ca/used-cars/ontario/london/2017-toyota-sienna-13290764/,Sedan
2018,Chevrolet,Cruze,5495,280000,red,https://www.carpages.ca/used-cars/ontario/london/2018-chevrolet-cruze-13290755/,Sedan
2022,Honda,Civic,26995,46019,red,https://www.carpages.ca/used-cars/ontario/vaughan/2022-honda-civic-13290734/,Sedan
2013,Subaru,Outback,5995,222042,silver,https://www.carpages.ca/used-cars/ontario/vaughan/2013-subaru-outback-13290713/,Sedan
2022,Honda,HR-V,26795,49148,black,https://www.carpages.ca/used-cars/ontario/vaughan/2022-honda-hr-v-13290707/,Sedan
2022,Honda,Civic,24795,63955,gray,https://www.carpages.ca/used-cars/ontario/vaughan/2022-honda-civic-13290698/,Sedan
2012,Volkswagen,Passat,11980,81123,silver,https://www.carpages.ca/used-cars/quebec/saint-hubert/2012-volkswagen-passat-13290686/,Sedan
2018,Mitsubishi,Mirage,13995,89746,red,https://www.carpages.ca/used-cars/british-columbia/coquitlam/2018-mitsubishi-mirage-13290662/,Sedan
2014,Honda,Civic,15995,99492,white,https://www.carpages.ca/used-cars/british-columbia/vancouver/2014-honda-civic-13290656/,Sedan
2021,Tesla,Model,21995,164367,gray,https://www.carpages.ca/used-cars/ontario/london/2021-tesla-model-3-13290620/,Sedan
2019,Hyundai,Elantra,10900,151478,white,https://www.carpages.ca/used-cars/alberta/calgary/2019-hyundai-elantra-13290581/,Sedan
2014,Audi,A4,7500,199600,black,https://www.carpages.ca/used-cars/ontario/toronto/2014-audi-a4-13290275/,Sedan
1997,Toyota,Camry,6495,121882,brown,https://www.carpages.ca/used-cars/ontario/london/1997-toyota-camry-13290149/,Sedan
2020,Nissan,Altima,17995,163761,black,https://www.carpages.ca/used-cars/ontario/kingston/2020-nissan-altima-13289831/,Sedan
2023,Honda,Civic,30034,56610,black,https://www.carpages.ca/used-cars/manitoba/winnipeg/2023-honda-civic-13289765/,Sedan
2026,Honda,HR-V,41976,8,black,https://www.carpages.ca/new-cars/manitoba/winnipeg/2026-honda-hr-v-13289666/,Sedan
2019,Kia,Forte,16178,109001,gray,https://www.carpages.ca/used-cars/manitoba/winnipeg/2019-kia-forte-13289663/,Sedan
2023,Toyota,Camry,31406.50,50439,white,https://www.carpages.ca/used-cars/ontario/ottawa/2023-toyota-camry-13289648/,Sedan
2014,Mazda,MAZDA3,10995,181845,red,https://www.carpages.ca/used-cars/ontario/hamilton/2014-mazda-mazda3-13289603/,Sedan
2014,Chrysler,300,9500,133556,white,https://www.carpages.ca/used-cars/alberta/calgary/2014-chrysler-300-c-13289561/,Sedan
2018,Subaru,WRX,18500,94317,white,https://www.carpages.ca/used-cars/alberta/calgary/2018-subaru-wrx-13289549/,Sedan
2008,Mercedes-Benz,S-Class,6500,124792,black,https://www.carpages.ca/used-cars/alberta/calgary/2008-mercedes-benz-s-class-13289540/,Sedan
2016,Hyundai,Elantra,4000,209328,white,https://www.carpages.ca/used-cars/alberta/calgary/2016-hyundai-elantra-13289501/,Sedan
2010,Toyota,Yaris,4700,164277,gray,https://www.carpages.ca/used-cars/alberta/calgary/2010-toyota-yaris-13289498/,Sedan
2018,Hyundai,Elantra,11000,174613,black,https://www.carpages.ca/used-cars/alberta/calgary/2018-hyundai-elantra-13289492/,Sedan
2015,Nissan,Micra,4950,193751,blue,https://www.carpages.ca/used-cars/alberta/calgary/2015-nissan-micra-13289483/,Sedan
2007,Toyota,Yaris,2900,193122,gray,https://www.carpages.ca/used-cars/alberta/calgary/2007-toyota-yaris-13289480/,Sedan
2010,Volvo,V70,1900,372222,blue,https://www.carpages.ca/used-cars/alberta/calgary/2010-volvo-v70-13289474/,Sedan
2005,Honda,Accord,2950,330004,gold,https://www.carpages.ca/used-cars/alberta/calgary/2005-honda-accord-13289462/,Sedan
2009,Acura,TL,9950,130133,gray,https://www.carpages.ca/used-cars/alberta/calgary/2009-acura-tl-13289435/,Sedan
2009,Mitsubishi,Lancer,2800,238981,red,https://www.carpages.ca/used-cars/alberta/calgary/2009-mitsubishi-lancer-13289432/,Sedan
2009,Saturn,Astra,1900,200674,black,https://www.carpages.ca/used-cars/alberta/calgary/2009-saturn-astra-13289429/,Sedan
2009,Audi,A4,1900,258538,gold,https://www.carpages.ca/used-cars/alberta/calgary/2009-audi-a4-13289426/,Sedan
2010,Volkswagen,Jetta,1000,212589,black,https://www.carpages.ca/used-cars/alberta/calgary/2010-volkswagen-jetta-13289423/,Sedan
2017,Mazda,MAZDA3,12999,147000,black,https://www.carpages.ca/used-cars/ontario/london/2017-mazda-mazda3-13289369/,Sedan
2012,Honda,Civic,12121,90000,burgendy,https://www.carpages.ca/used-cars/ontario/rockwood/2012-honda-civic-13289324/,Sedan
2019,Volkswagen,Jetta,10990,166000,black,https://www.carpages.ca/used-cars/ontario/ajax/2019-volkswagen-jetta-13289264/,Sedan
2025,Hyundai,Sonata,32850,39000,white,https://www.carpages.ca/used-cars/ontario/toronto/2025-hyundai-sonata-13289195/,Sedan
2014,Nissan,Versa,6990,133308,Other,https://www.carpages.ca/used-cars/british-columbia/burnaby/2014-nissan-versa-note-13289183/,Sedan
2021,Chevrolet,Bolt,20490,104450,blue,https://www.carpages.ca/used-cars/ontario/gloucester/2021-chevrolet-bolt-13289168/,Sedan
2018,Audi,TTS,39999,38068,gray,https://www.carpages.ca/used-cars/ontario/sarnia/2018-audi-tts-13289036/,Sedan
2018,Mazda,MAZDA3,6995,25501,blue,https://www.carpages.ca/used-cars/ontario/london/2018-mazda-mazda3-13288937/,Sedan
2017,Chevrolet,Malibu,14995,0,blue,https://www.carpages.ca/used-cars/ontario/thunder-bay/2017-chevrolet-malibu-13288913/,Sedan
2015,Nissan,Sentra,8995,80566,blue,https://www.carpages.ca/used-cars/ontario/oshawa/2015-nissan-sentra-13288844/,Sedan
2020,Volkswagen,Jetta,20488,73500,silver,https://www.carpages.ca/used-cars/ontario/guelph/2020-volkswagen-jetta-13288835/,Sedan
2022,Toyota,Corolla,24988,41524,blue,https://www.carpages.ca/used-cars/ontario/guelph/2022-toyota-corolla-13288826/,Sedan
2018,Honda,Accord,21988,105759,red,https://www.carpages.ca/used-cars/ontario/guelph/2018-honda-accord-13288823/,Sedan
2024,Honda,Civic,29988,14062,red,https://www.carpages.ca/used-cars/ontario/guelph/2024-honda-civic-13288805/,Sedan
2018,Kia,Stinger,16995,182081,black,https://www.carpages.ca/used-cars/ontario/dunnville/2018-kia-stinger-13288784/,Sedan
2024,Toyota,Camry,33900,73000,white,https://www.carpages.ca/used-cars/ontario/brampton/2024-toyota-camry-13288748/,Sedan
2022,Mazda,MAZDA3,20900,80078,blue,https://www.carpages.ca/used-cars/nova-scotia/halifax/2022-mazda-mazda3-13288736/,Sedan
2023,Audi,S8,98850,32500,Other,https://www.carpages.ca/used-cars/ontario/toronto/2023-audi-s8-13288700/,Sedan
2011,Kia,Forte,5495,185883,blue,https://www.carpages.ca/used-cars/ontario/london/2011-kia-forte-13288691/,Sedan
2014,Honda,Civic,9995,212000,white,https://www.carpages.ca/used-cars/ontario/burlington/2014-honda-civic-13288667/,Sedan
2018,Nissan,Kicks,14995,121717,white,https://www.carpages.ca/used-cars/ontario/komoka/2018-nissan-kicks-13288652/,Sedan
2014,Honda,Civic,9995,218000,brown,https://www.carpages.ca/used-cars/ontario/burlington/2014-honda-civic-13288649/,Sedan
2023,Mercedes-Benz,C-Class,42900,77000,black,https://www.carpages.ca/used-cars/ontario/brampton/2023-mercedes-benz-c-class-13288601/,Sedan
2019,Kia,Forte,13888,125400,gray,https://www.carpages.ca/used-cars/ontario/ajax/2019-kia-forte-13288580/,Sedan
2013,Volkswagen,Jetta,4495,222040,black,https://www.carpages.ca/used-cars/ontario/london/2013-volkswagen-jetta-13288547/,Sedan
2012,Dodge,Avenger,1495,216473,green,https://www.carpages.ca/used-cars/ontario/london/2012-dodge-avenger-13288517/,Sedan
2014,Maserati,Ghibli,16995,98000,black,https://www.carpages.ca/used-cars/ontario/kitchener/2014-maserati-ghibli-13288499/,Sedan
2018,BMW,X2,23995,58000,gold,https://www.carpages.ca/used-cars/ontario/kitchener/2018-bmw-x2-13288484/,Sedan
2014,Maserati,Ghibli,16995,98000,black,https://www.carpages.ca/used-cars/ontario/ancaster/2014-maserati-ghibli-13288481/,Sedan
2018,BMW,X2,23995,58000,gold,https://www.carpages.ca/used-cars/ontario/ancaster/2018-bmw-x2-13288436/,Sedan
2020,Cadillac,CT4,28895,90739,white,https://www.carpages.ca/used-cars/ontario/scarborough/2020-cadillac-ct4-13288412/,Sedan
2022,Hyundai,Sonata,23995,85664,black,https://www.carpages.ca/used-cars/ontario/cayuga/2022-hyundai-sonata-13288391/,Sedan
2021,Hyundai,Elantra,17995,131408,gray,https://www.carpages.ca/used-cars/ontario/cayuga/2021-hyundai-elantra-13288385/,Sedan
2018,Hyundai,Sonata,11995,162950,Other,https://www.carpages.ca/used-cars/ontario/kanata/2018-hyundai-sonata-13288304/,Sedan
2022,Honda,Civic,26980,72695,gray,https://www.carpages.ca/used-cars/british-columbia/burnaby/2022-honda-civic-13288268/,Sedan
2019,Cadillac,CTS,28995,31000,red,https://www.carpages.ca/used-cars/british-columbia/surrey/2019-cadillac-cts-13288145/,Sedan
2014,Toyota,Camry,17999,94519,tan,https://www.carpages.ca/used-cars/ontario/hamilton/2014-toyota-camry-13288118/,Sedan
2016,BMW,3,15991,113874,white,https://www.carpages.ca/used-cars/british-columbia/surrey/2016-bmw-3-series-13288085/,Sedan
2024,Chevrolet,Malibu,23995,72974,black,https://www.carpages.ca/used-cars/ontario/north-bay/2024-chevrolet-malibu-13288076/,Sedan
2019,Kia,Optima,10950,152833,red,https://www.carpages.ca/used-cars/nova-scotia/hebbville/2019-kia-optima-13288061/,Sedan
2020,Mazda,MAZDA3,21998,92086,white,https://www.carpages.ca/used-cars/ontario/guelph/2020-mazda-mazda3-13288025/,Sedan
2019,Hyundai,Elantra,15888,92383,gray,https://www.carpages.ca/used-cars/ontario/guelph/2019-hyundai-elantra-13288013/,Sedan
2022,Hyundai,Elantra,23988,15851,gray,https://www.carpages.ca/used-cars/ontario/guelph/2022-hyundai-elantra-13288004/,Sedan
2018,Toyota,Corolla,21888,65858,red,https://www.carpages.ca/used-cars/ontario/guelph/2018-toyota-corolla-13287995/,Sedan
2016,Kia,Soul,11999,93000,blue,https://www.carpages.ca/used-cars/ontario/kitchener/2016-kia-soul-13287983/,Sedan
2025,Mercedes-Benz,CLA-Class,45688,9491,white,https://www.carpages.ca/used-cars/ontario/thornhill/2025-mercedes-benz-cla-class-13287947/,Sedan
2025,Mazda,MAZDA3,32758,5,white,https://www.carpages.ca/new-cars/manitoba/steinbach/2025-mazda-mazda3-13287872/,Sedan
2016,Ford,Focus,14995,101400,red,https://www.carpages.ca/used-cars/saskatchewan/saskatoon/2016-ford-focus-13287857/,Sedan
2023,Kia,Forte,20717,33358,blanc,https://www.carpages.ca/used-cars/quebec/quebec/2023-kia-forte-13287809/,Sedan
2023,Tesla,Model,30200,65975,silver,https://www.carpages.ca/used-cars/ontario/richmond-hill/2023-tesla-model-3-13287764/,Sedan
2024,Tesla,Model,43500,30211,gray,https://www.carpages.ca/used-cars/ontario/richmond-hill/2024-tesla-model-3-13287758/,Sedan
